<?xml version="1.0" ?>
<odoo>
    <record id="property_rule_hr_appraisal" model="ir.rule">
        <field name="name">Hr Appraisal Multi Company</field>
        <field name="model_id" ref="model_hr_appraisal"/>
        <field eval="True" name="global"/>
        <field name="domain_force">['|',('company_id','=',False),('company_id','child_of',[user.company_id.id])]</field>
    </record>

    <record model="ir.module.category" id="module_category_hr_appraisal">
        <field name="name">Appraisal</field>
        <field name="description">Helps to evaluate employees...</field>
        <field name="sequence">3</field>
    </record>

    <record id="group_appraisal_employee" model="res.groups">
        <field name="name">Employee</field>
        <field name="implied_ids" eval="[(4, ref('base.group_user'))]"/>
        <field name="category_id" ref="oh_appraisal.module_category_hr_appraisal"/>
    </record>

    <record id="group_appraisal_manager" model="res.groups">
        <field name="name">Manager</field>
        <field name="category_id" ref="oh_appraisal.module_category_hr_appraisal"/>
        <field name="implied_ids" eval="[(4, ref('group_appraisal_employee'))]"/>
        <field name="users" eval="[(4, ref('base.user_root')), (4, ref('base.user_admin'))]"/>
    </record>

    <record id="hr_appraisal_rule" model="ir.rule">
        <field name="name">Appraisal Forms</field>
        <field name="domain_force">[('created_by','=',user.id)]</field>
        <field name="global" eval="True"/>
        <field name="model_id" ref="oh_appraisal.model_hr_appraisal"/>
        <field name="groups" eval="[(4,ref('oh_appraisal.group_appraisal_employee'))]"/>
        <field name="perm_write" eval="True"/>
        <field name="perm_read" eval="True"/>
        <field name="perm_create" eval="True"/>
        <field name="perm_unlink" eval="True"/>
    </record>

    <record id="hr_appraisal_manager_rule" model="ir.rule">
        <field name="name">Appraisal Forms</field>
        <field name="global" eval="True"/>
        <field name="model_id" ref="oh_appraisal.model_hr_appraisal"/>
        <field name="groups" eval="[(4,ref('oh_appraisal.group_appraisal_manager'))]"/>
        <field name="perm_write" eval="True"/>
        <field name="perm_read" eval="True"/>
        <field name="perm_create" eval="True"/>
        <field name="perm_unlink" eval="True"/>
    </record>

    <record id="survey.survey_input_users_access" model="ir.rule">
        <field name="domain_force">[('partner_id', '=', user.partner_id.id)]</field>
    </record>

</odoo>
